EventType,Location,DateTime,Magnitude,Casualties,Evacuation,PropertyDamage,Duration,ResponseTime,WarningsIssued,Source
4,"Seanfort, Guinea",2021-03-11 02:20:53.331467,0.0,319,0,$1270000 million,51,14.8,0,Meteorological Service
1,"South Cynthia, Myanmar",2023-06-30 10:56:56.759904,4.6,335,0,$3530000 million,27,22.3,1,USGS
5,"North Diane, Lao People's Democratic Republic",2021-08-01 08:51:09.294883,0.0,226,1,$3910000 million,59,6.84,0,NWS
2,"South Courtneyfurt, Sao Tome and Principe",2023-01-16 11:23:59.500318,4.0,146,0,$4320000 million,55,10.76,1,WMO
5,"Port Jennifer, Nepal",2023-06-08 14:42:56.349622,0.0,68,1,$1600000 million,42,2.92,1,Storm Prediction Center
4,"West Elizabeth, Turkmenistan",2021-07-23 16:00:51.994047,0.0,237,0,$1440000 million,37,2.58,1,Meteorological Service
5,"Torreshaven, Saint Vincent and the Grenadines",2020-12-26 21:36:34.954702,0.0,214,1,$950000 million,34,8.81,0,Storm Prediction Center
5,"Port Davidberg, Burundi",2021-01-30 19:59:37.597442,0.0,218,0,$1290000 million,26,20.47,1,Local Weather Service
3,"Mcdonaldfort, Armenia",2021-01-17 08:19:03.425321,0.0,412,0,$1430000 million,16,4.78,0,Meteorological Office
2,"South Louishaven, Armenia",2022-05-05 01:35:57.961538,1.0,176,1,$150000 million,16,7.74,0,WMO
5,"Ramirezburgh, Antigua and Barbuda",2022-09-20 09:18:08.625974,0.0,357,0,$4530000 million,58,9.84,0,Storm Prediction Center
1,"New Miguel, France",2023-05-09 19:50:49.433084,4.6,184,0,$2970000 million,37,5.98,0,GFZ
3,"Kristenmouth, Panama",2021-05-27 01:31:43.918512,0.0,316,1,$180000 million,43,10.47,1,National Disaster Agency
2,"East Brandon, Greenland",2022-08-31 20:42:12.814631,2.0,153,1,$4600000 million,43,23.83,1,WMO
5,"Hernandezmouth, Turkmenistan",2023-03-22 02:36:24.457704,0.0,485,0,$610000 million,52,17.4,1,NWS
4,"South Christopher, Uzbekistan",2020-07-24 14:40:14.254375,0.0,500,1,$2260000 million,21,10.89,0,National Fire Service
5,"Brownhaven, Italy",2022-10-15 22:54:55.273018,0.0,416,0,$3150000 million,55,6.07,1,Storm Prediction Center
4,"Wigginsshire, Iran",2021-09-27 06:42:14.706379,0.0,303,1,$1650000 million,14,23.7,0,Forest Department
5,"Lake Michael, Russian Federation",2020-08-25 06:57:21.785738,0.0,71,0,$1040000 million,12,7.64,1,Storm Prediction Center
1,"Deannabury, Oman",2022-02-16 05:48:59.807276,4.4,112,0,$4420000 million,45,11.21,1,USGS
3,"Brandtborough, South Africa",2021-12-24 13:45:52.433295,0.0,98,0,$580000 million,11,14.4,1,Meteorological Office
1,"West Steve, Gabon",2022-11-01 04:28:11.930202,4.8,290,1,$4500000 million,35,16.32,1,EMSC
2,"Dawnhaven, New Caledonia",2021-03-31 00:28:05.817693,3.0,215,0,$4330000 million,51,6.63,0,JTWC
2,"South Alexanderberg, Belarus",2021-05-03 22:06:16.846573,2.0,341,1,$990000 million,11,22.81,1,WMO
3,"Port Meganville, India",2023-11-12 13:46:03.262796,0.0,470,1,$2920000 million,27,16.45,0,National Disaster Agency
1,"North Ronald, Mozambique",2020-07-01 23:39:13.148031,7.9,312,1,$690000 million,33,5.52,0,GFZ
3,"Marctown, Burundi",2021-12-04 03:53:38.229960,0.0,148,1,$2410000 million,19,2.49,0,Meteorological Office
5,"New Christina, Zambia",2021-02-18 08:25:59.891224,0.0,439,1,$2780000 million,20,19.32,1,Local Weather Service
3,"Williamsborough, Saint Helena",2022-09-14 11:44:47.184519,0.0,38,0,$2960000 million,41,13.96,0,Meteorological Office
1,"West Tracy, Malawi",2021-03-02 05:40:41.293688,5.9,354,1,$2730000 million,45,3.54,1,EMSC
1,"Youngton, Switzerland",2021-06-01 02:31:35.476621,6.6,184,1,$1570000 million,21,23.26,1,EMSC
3,"Patelstad, Congo",2023-03-20 03:27:59.087314,0.0,392,1,$3160000 million,12,8.75,1,Meteorological Office
2,"North Carol, Belarus",2022-05-01 16:02:43.879779,3.0,369,1,$4920000 million,31,7.43,1,NHC
4,"Mccoyland, Ecuador",2020-01-15 10:40:32.971894,0.0,473,1,$4570000 million,36,15.56,1,Forest Department
1,"Gabrieltown, Malaysia",2022-04-26 05:48:41.366799,6.4,186,1,$1770000 million,17,1.94,1,JMA
5,"Michaelburgh, Albania",2021-02-21 00:26:13.215198,0.0,158,0,$3430000 million,58,7.94,0,Local Weather Service
2,"Lake Amystad, Guatemala",2021-04-09 12:36:53.024809,3.0,317,1,$3390000 million,50,9.66,0,WMO
2,"South Victorbury, Romania",2021-10-04 15:57:45.507679,5.0,315,1,$320000 million,58,2.07,1,NHC
4,"South Eric, Panama",2020-05-11 02:51:43.030085,0.0,292,0,$3600000 million,53,8.72,1,National Fire Service
3,"New Karenburgh, Hungary",2021-11-15 18:05:37.922018,0.0,5,0,$3120000 million,54,13.27,1,National Disaster Agency
3,"Markton, Qatar",2022-04-06 20:29:28.481915,0.0,367,0,$40000 million,31,21.54,1,Flood Control Department
2,"South Michael, Barbados",2022-02-03 01:56:23.185682,1.0,152,1,$4240000 million,22,18.22,0,WMO
5,"Daltonville, Mexico",2023-03-09 05:11:01.152060,0.0,156,1,$1870000 million,49,19.67,0,Storm Prediction Center
4,"Jamesmouth, Mauritius",2021-02-27 15:08:16.470346,0.0,406,1,$2150000 million,52,19.35,1,National Fire Service
3,"Lamside, Argentina",2023-10-01 04:10:55.541511,0.0,348,0,$3520000 million,21,12.52,0,Flood Control Department
1,"Port Kathrynfort, Jamaica",2022-10-17 08:31:41.751971,6.2,328,0,$4760000 million,40,10.64,0,USGS
5,"Justinstad, Cuba",2020-09-23 11:49:03.051799,0.0,188,0,$2010000 million,57,5.73,0,Storm Prediction Center
2,"Kevinmouth, Tonga",2020-02-06 05:36:19.687706,5.0,92,1,$3510000 million,59,15.2,0,JTWC
5,"North Jessica, Croatia",2023-07-03 00:15:53.691833,0.0,70,0,$580000 million,22,14.47,0,Storm Prediction Center
5,"Colinstad, Martinique",2020-02-11 02:10:04.799683,0.0,196,1,$1630000 million,54,14.31,1,Storm Prediction Center
4,"East Courtneyton, Austria",2020-07-09 18:06:10.966663,0.0,316,0,$1570000 million,57,14.77,0,Forest Department
3,"East Vanessabury, Cyprus",2022-06-27 22:01:40.478813,0.0,369,1,$2240000 million,34,12.72,1,Meteorological Office
3,"West Thomas, Germany",2022-09-01 21:35:17.362424,0.0,165,0,$4040000 million,41,1.86,0,National Disaster Agency
3,"Tommyberg, Portugal",2021-03-14 05:03:36.717381,0.0,355,1,$2350000 million,24,12.83,1,Meteorological Office
4,"Alexandraland, Thailand",2020-11-19 15:03:15.858765,0.0,482,1,$170000 million,23,10.47,1,Meteorological Service
2,"Tuckerfort, Switzerland",2022-02-14 01:18:29.003247,3.0,379,1,$1760000 million,59,18.54,0,JTWC
3,"West Matthewborough, Azerbaijan",2023-09-28 11:24:02.129708,0.0,437,1,$3730000 million,43,14.48,1,Meteorological Office
5,"Mariaview, Liechtenstein",2020-09-20 16:54:25.085765,0.0,470,1,$2490000 million,13,21.79,0,Storm Prediction Center
3,"South Carrie, Israel",2021-01-17 05:17:07.665795,0.0,430,0,$4550000 million,60,8.74,1,National Disaster Agency
2,"Port Jesus, Wallis and Futuna",2021-08-06 12:43:37.006945,4.0,68,1,$1060000 million,14,14.71,0,NHC
3,"Pricechester, Jordan",2023-09-04 19:05:13.471658,0.0,383,1,$390000 million,35,6.13,1,National Disaster Agency
4,"Kevinview, France",2023-06-23 09:00:43.028531,0.0,385,1,$1110000 million,56,1.18,0,National Fire Service
2,"Sheltonstad, Australia",2022-06-07 23:18:02.236087,5.0,393,1,$2830000 million,18,19.56,0,WMO
1,"Thomasstad, Zimbabwe",2021-08-16 07:49:36.201244,4.6,77,1,$1850000 million,59,12.82,1,USGS
1,"Jackfort, Syrian Arab Republic",2020-12-26 07:07:29.275184,7.3,311,1,$1550000 million,37,11.02,1,USGS
3,"Brownfurt, Estonia",2023-01-21 14:52:58.054042,0.0,209,0,$2560000 million,48,1.63,1,National Disaster Agency
5,"West Benjaminfort, Liberia",2023-06-12 02:03:56.992872,0.0,398,0,$1330000 million,34,21.35,0,Local Weather Service
1,"North Michaelport, British Virgin Islands",2020-05-25 08:14:20.785758,6.9,315,1,$2060000 million,15,19.55,0,JMA
3,"New Christy, Antigua and Barbuda",2020-08-10 03:03:19.098166,0.0,15,1,$4590000 million,13,3.47,1,National Disaster Agency
4,"Wadefort, Tajikistan",2021-06-04 14:34:21.103046,0.0,230,0,$2790000 million,48,20.8,1,Meteorological Service
3,"West Jorge, Djibouti",2023-03-11 07:58:49.044420,0.0,116,1,$3920000 million,25,13.02,0,Meteorological Office
5,"Changfort, Saint Pierre and Miquelon",2021-05-17 15:50:41.522634,0.0,192,1,$2380000 million,34,2.85,0,Storm Prediction Center
5,"Jaredfort, Palestinian Territory",2022-12-25 18:38:20.704055,0.0,284,0,$160000 million,45,15.79,0,Storm Prediction Center
3,"East Jenniferhaven, Bolivia",2022-01-05 00:35:41.775904,0.0,104,1,$4810000 million,15,14.72,0,National Disaster Agency
5,"Powellmouth, Cocos (Keeling) Islands",2020-03-08 22:43:53.409869,0.0,186,1,$1230000 million,60,5.65,1,Local Weather Service
5,"Kevinchester, New Caledonia",2021-08-22 10:21:43.709170,0.0,488,1,$1520000 million,42,16.43,1,NWS
5,"West Aaronburgh, Seychelles",2021-04-29 20:39:55.995415,0.0,0,1,$920000 million,11,11.16,0,Storm Prediction Center
4,"New David, Algeria",2021-09-07 09:50:40.811628,0.0,288,0,$3320000 million,55,5.19,0,Forest Department
2,"West Charleneview, Czech Republic",2022-09-08 20:11:33.725765,4.0,98,0,$2720000 million,15,4.97,0,JTWC
1,"Robinshire, Cocos (Keeling) Islands",2022-06-04 04:40:06.506256,5.3,83,1,$3640000 million,34,17.82,0,USGS
3,"New Jeffreyshire, Italy",2023-03-19 09:02:56.096987,0.0,322,0,$1550000 million,24,11.61,1,National Disaster Agency
2,"Kristinberg, Moldova",2020-07-04 20:48:59.545933,4.0,423,0,$810000 million,19,22.18,1,NHC
1,"Lake Troy, Botswana",2023-11-30 16:04:16.958002,4.5,97,0,$140000 million,24,22.34,1,GFZ
5,"Port Christopher, Djibouti",2022-01-12 21:49:08.149323,0.0,435,0,$2950000 million,32,15.49,0,NWS
2,"Oscarmouth, Netherlands",2021-12-07 16:33:03.356396,1.0,196,1,$4150000 million,37,12.39,1,JTWC
2,"South Kristentown, Sudan",2023-08-23 10:48:55.911728,1.0,404,1,$4080000 million,32,6.9,1,NOAA
5,"Brycebury, Gambia",2020-09-11 11:24:25.323647,0.0,56,1,$4160000 million,57,13.31,1,Storm Prediction Center
1,"Nicolebury, French Guiana",2022-05-06 21:11:11.066624,7.8,7,1,$710000 million,37,2.01,1,USGS
4,"Mckeemouth, Zimbabwe",2021-12-30 05:37:44.152891,0.0,28,1,$3630000 million,57,18.04,0,Meteorological Service
5,"North Justin, Algeria",2022-11-27 23:34:49.863034,0.0,493,1,$3660000 million,43,8.8,1,Storm Prediction Center
1,"North Travis, Guyana",2023-02-01 11:06:46.036474,6.4,334,0,$40000 million,59,9.32,0,USGS
1,"Oliviabury, New Zealand",2023-05-02 19:26:26.912406,5.0,197,1,$4520000 million,31,7.38,1,USGS
1,"Nicholastown, Antarctica (the territory South of 60 deg S)",2022-02-25 16:15:21.308857,5.4,491,1,$1470000 million,25,17.47,1,JMA
3,"Coryfort, New Caledonia",2020-05-15 02:38:48.382642,0.0,279,1,$2870000 million,38,12.56,0,National Disaster Agency
3,"Vasquezhaven, Christmas Island",2023-03-10 08:42:30.882032,0.0,325,1,$3180000 million,24,14.63,1,Flood Control Department
2,"Jessicastad, Grenada",2022-11-23 22:10:13.858451,4.0,144,1,$1030000 million,25,11.33,0,JTWC
4,"Jacksonhaven, Guinea",2020-12-25 19:35:28.210056,0.0,461,0,$460000 million,38,23.34,0,Forest Department
4,"Timothyside, Zimbabwe",2022-10-22 21:28:24.679993,0.0,266,0,$1190000 million,22,11.99,0,Forest Department
3,"Kellyshire, French Southern Territories",2020-02-06 22:29:11.772325,0.0,378,1,$190000 million,35,6.83,0,Meteorological Office
1,"East Royfurt, South Africa",2023-07-13 09:01:35.071512,6.7,133,1,$510000 million,19,14.06,0,EMSC
3,"Hayesmouth, Germany",2020-07-13 16:01:40.725753,0.0,106,1,$2230000 million,52,5.76,1,Meteorological Office
5,"Benjaminshire, Honduras",2021-08-21 12:36:38.177190,0.0,202,0,$4310000 million,32,4.2,0,NWS
4,"Hooperburgh, Nepal",2022-12-19 17:40:23.247185,0.0,106,0,$3150000 million,15,16.11,0,National Fire Service
3,"Wagnerside, Cayman Islands",2022-02-25 22:40:38.742078,0.0,347,0,$290000 million,28,6.95,1,Meteorological Office
3,"Anthonyfurt, United States of America",2021-05-25 07:56:52.583745,0.0,350,1,$3670000 million,41,16.55,0,National Disaster Agency
4,"Lopezview, Bahrain",2020-08-22 04:38:14.552798,0.0,216,1,$560000 million,16,10.16,0,Meteorological Service
4,"East Amymouth, Maldives",2022-09-19 18:07:50.016442,0.0,311,1,$1850000 million,30,1.31,1,Meteorological Service
4,"West Robert, Germany",2021-09-06 05:34:36.653017,0.0,472,1,$3900000 million,14,7.16,0,National Fire Service
4,"Williamshaven, Maldives",2023-03-07 14:25:34.538071,0.0,339,1,$2770000 million,44,9.18,1,Meteorological Service
4,"Stacymouth, Ghana",2023-06-30 12:00:46.386739,0.0,321,0,$1540000 million,31,22.57,0,Meteorological Service
5,"East Dennisfurt, Aruba",2020-03-20 04:36:58.525233,0.0,404,1,$3300000 million,51,22.92,1,Storm Prediction Center
4,"Davischester, Canada",2022-02-20 11:03:38.604959,0.0,6,0,$2270000 million,20,2.68,0,National Fire Service
3,"Cynthiabury, Jamaica",2022-08-18 15:58:08.714658,0.0,476,0,$290000 million,22,20.72,1,National Disaster Agency
2,"Port Brettland, Guernsey",2023-02-16 09:07:10.393240,2.0,407,1,$3670000 million,30,10.97,1,WMO
3,"Hollowayton, Samoa",2021-11-03 07:11:22.450078,0.0,424,0,$3480000 million,34,6.84,0,Flood Control Department
3,"Harrisonmouth, Croatia",2023-02-19 16:04:56.590555,0.0,131,1,$1710000 million,15,20.11,0,Meteorological Office
3,"Piercemouth, Russian Federation",2020-06-09 18:40:53.670904,0.0,420,1,$4660000 million,50,16.06,0,National Disaster Agency
3,"Lake Melinda, Brunei Darussalam",2023-02-12 09:16:43.914635,0.0,294,1,$1800000 million,14,7.93,1,Meteorological Office
5,"North Emily, Ecuador",2023-11-13 12:45:36.390613,0.0,346,0,$3290000 million,29,16.62,1,NWS
1,"Wrightstad, Cyprus",2020-04-28 10:59:40.771397,5.0,169,1,$2810000 million,20,2.9,0,EMSC
2,"Port Amanda, Saint Martin",2021-06-26 21:53:04.857051,3.0,296,1,$410000 million,56,3.31,1,JTWC
2,"Lake Justinmouth, Saudi Arabia",2023-10-06 08:48:52.070312,4.0,441,1,$190000 million,28,16.74,0,JTWC
3,"Emilystad, Marshall Islands",2021-09-10 00:28:08.237825,0.0,11,1,$1800000 million,12,4.7,1,Flood Control Department
3,"Dianaport, Belize",2020-12-16 17:30:03.796196,0.0,445,0,$2420000 million,14,17.49,1,Meteorological Office
4,"South Scott, Central African Republic",2021-07-14 03:16:18.766677,0.0,143,0,$2630000 million,43,15.03,0,Meteorological Service
5,"West Shannon, Sao Tome and Principe",2021-12-18 02:11:57.540818,0.0,389,1,$2040000 million,21,21.02,0,Storm Prediction Center
1,"Jordanhaven, Netherlands",2021-03-02 09:27:38.364505,5.1,96,0,$800000 million,56,22.28,1,GFZ
3,"East Angel, Svalbard & Jan Mayen Islands",2022-08-18 10:39:22.231662,0.0,109,0,$2490000 million,33,9.17,1,Flood Control Department
2,"Blackton, Fiji",2023-06-13 14:39:04.615895,1.0,279,0,$4210000 million,25,19.58,1,JTWC
2,"Cherylside, Belize",2022-07-31 10:00:50.331133,1.0,217,0,$3020000 million,36,14.82,0,JTWC
5,"New Sandrashire, Christmas Island",2021-04-15 10:35:42.524626,0.0,83,0,$590000 million,27,23.05,0,Storm Prediction Center
4,"Morrisonshire, Belize",2021-02-16 10:21:37.577499,0.0,329,1,$4670000 million,54,20.46,1,Forest Department
4,"South Christopherview, Brazil",2021-10-29 08:19:20.195532,0.0,282,1,$960000 million,52,8.3,0,Meteorological Service
2,"Rebeccaland, Saint Barthelemy",2021-09-22 14:33:18.369069,2.0,323,0,$3040000 million,57,15.96,1,NHC
5,"East Sarah, Seychelles",2020-08-04 05:00:22.636678,0.0,33,0,$3750000 million,57,18.7,0,Local Weather Service
5,"New Bethberg, Kyrgyz Republic",2023-07-18 01:02:47.506900,0.0,326,0,$1640000 million,31,23.88,1,NWS
5,"East Coryside, Comoros",2020-09-19 04:07:08.274134,0.0,420,1,$2250000 million,31,6.07,1,Storm Prediction Center
2,"West Ryan, Serbia",2023-02-01 07:18:10.972486,2.0,162,0,$2080000 million,46,2.18,0,NOAA
3,"New Darryl, Tuvalu",2022-03-18 14:21:48.179838,0.0,139,1,$260000 million,13,3.82,0,National Disaster Agency
5,"Nicholasburgh, Taiwan",2020-07-24 15:06:08.669404,0.0,313,0,$780000 million,16,23.14,0,NWS
3,"Brendafurt, Singapore",2022-04-30 04:28:58.701010,0.0,208,1,$3230000 million,27,21.21,1,Meteorological Office
4,"West Mary, Micronesia",2020-01-14 13:37:37.353243,0.0,456,1,$1260000 million,16,21.18,1,National Fire Service
1,"Davidside, Afghanistan",2022-10-25 14:35:13.125705,4.5,63,0,$4160000 million,20,12.83,1,GFZ
3,"North Courtneyville, Maldives",2020-08-24 02:26:38.144462,0.0,324,1,$130000 million,58,3.33,0,Flood Control Department
1,"Lake Allison, Congo",2021-04-08 16:46:27.111627,7.8,72,1,$2930000 million,56,21.2,0,JMA
4,"Port Kelly, Moldova",2021-09-07 04:10:30.780307,0.0,75,0,$2690000 million,22,4.24,0,Forest Department
4,"Port Dawn, Andorra",2020-08-28 10:52:46.771378,0.0,483,1,$3350000 million,58,11.35,0,National Fire Service
5,"East Amber, Belgium",2022-04-19 11:52:39.929416,0.0,78,1,$400000 million,55,21.75,0,Storm Prediction Center
3,"East Jimmy, Bahamas",2023-08-26 15:32:45.584276,0.0,253,1,$470000 million,30,8.64,0,Meteorological Office
5,"Hollyside, Saint Lucia",2021-04-23 10:50:42.912947,0.0,102,1,$1150000 million,47,8.48,1,Local Weather Service
3,"North Laura, Angola",2023-09-02 22:54:16.203814,0.0,484,1,$4140000 million,12,21.35,1,Meteorological Office
4,"Jeffersonbury, Saint Helena",2022-04-08 21:00:14.726213,0.0,194,1,$4660000 million,55,1.64,0,National Fire Service
1,"Marshton, Denmark",2021-01-05 01:41:24.581189,7.1,357,0,$3610000 million,48,3.59,1,EMSC
1,"Hallland, Somalia",2022-07-13 00:42:48.248196,6.5,170,0,$1410000 million,17,17.03,0,GFZ
3,"West Andrew, Seychelles",2022-01-31 18:14:24.702142,0.0,311,0,$2550000 million,45,18.56,0,Flood Control Department
1,"East Brittanyburgh, Bolivia",2022-03-13 10:01:43.494480,5.1,62,0,$440000 million,44,22.68,1,EMSC
5,"Port Mike, Grenada",2023-04-27 06:40:25.848280,0.0,124,1,$3100000 million,18,15.89,1,NWS
1,"North Willieport, Equatorial Guinea",2022-09-28 14:41:29.302362,6.5,158,1,$790000 million,57,16.2,1,GFZ
3,"New Hannahborough, Haiti",2020-09-06 22:23:35.370708,0.0,327,1,$1060000 million,23,18.53,0,Flood Control Department
2,"Zacharytown, United Kingdom",2023-11-05 20:20:26.893995,4.0,224,1,$2150000 million,52,1.78,1,NOAA
1,"Smallborough, Mayotte",2023-09-26 17:56:57.439734,5.2,114,1,$3270000 million,52,20.88,0,EMSC
3,"Katelynfurt, Martinique",2020-07-01 07:10:30.652929,0.0,356,1,$1660000 million,10,9.61,0,National Disaster Agency
1,"Jeremyton, Martinique",2023-01-18 16:39:11.480491,5.5,427,1,$2350000 million,32,6.92,0,JMA
5,"Port Raymond, Morocco",2021-01-28 09:22:43.400556,0.0,246,0,$1600000 million,27,22.6,0,Storm Prediction Center
1,"Davidchester, Sweden",2021-07-06 19:13:05.270911,7.9,309,0,$2120000 million,47,22.77,0,GFZ
3,"West Jeffrey, Andorra",2021-10-14 06:06:20.119658,0.0,423,1,$4580000 million,21,23.88,1,Flood Control Department
3,"Coopershire, Myanmar",2021-06-11 01:28:44.532870,0.0,465,0,$3200000 million,40,2.44,0,Flood Control Department
5,"Tinamouth, Angola",2020-09-30 03:44:56.442381,0.0,347,1,$3670000 million,39,15.44,1,Local Weather Service
1,"Leeborough, Slovenia",2022-03-23 08:15:35.945842,4.1,76,0,$1780000 million,44,13.89,0,EMSC
5,"Jeffreyshire, Saint Helena",2021-09-20 09:32:58.488288,0.0,50,0,$210000 million,41,19.74,0,NWS
2,"Smithmouth, Bermuda",2023-07-14 19:18:21.079373,5.0,246,1,$300000 million,50,1.14,0,WMO
4,"Lopezport, Colombia",2020-11-04 02:45:01.898443,0.0,262,0,$720000 million,37,23.44,0,Meteorological Service
4,"North Brendan, Suriname",2021-11-08 09:36:48.778759,0.0,376,0,$580000 million,29,2.27,1,National Fire Service
2,"Jordanhaven, Micronesia",2023-01-12 15:08:09.004590,3.0,95,1,$550000 million,40,20.84,1,NOAA
2,"East Danielberg, Burundi",2022-08-23 10:08:52.154633,2.0,350,1,$3480000 million,40,9.0,0,NHC
3,"New Maryberg, Lebanon",2023-11-20 06:50:50.179847,0.0,340,1,$3700000 million,17,17.73,1,Flood Control Department
4,"Lake Jennifer, Sweden",2021-06-19 19:11:08.694785,0.0,193,0,$5000000 million,19,1.43,1,National Fire Service
2,"East Manuel, Reunion",2020-07-18 15:21:42.035335,2.0,128,0,$1890000 million,29,6.71,1,JTWC
1,"Port David, Slovakia (Slovak Republic)",2020-06-03 23:25:22.811952,7.2,77,1,$1660000 million,56,15.0,1,USGS
2,"West Nathanmouth, South Africa",2022-09-30 12:17:18.733667,1.0,292,1,$4700000 million,22,8.81,0,NHC
4,"Millerport, France",2020-12-26 17:31:27.011503,0.0,50,1,$1500000 million,40,16.69,1,National Fire Service
5,"Burchstad, Suriname",2021-04-26 16:57:13.440087,0.0,465,0,$370000 million,40,22.43,0,Storm Prediction Center
4,"Leahmouth, Sri Lanka",2021-04-14 03:15:08.362913,0.0,489,1,$4890000 million,53,14.67,0,Forest Department
1,"Lake Tracyberg, Mexico",2020-02-05 18:15:31.952850,6.1,489,1,$2050000 million,44,12.93,1,GFZ
4,"Millerfurt, Czech Republic",2023-07-20 07:29:17.290197,0.0,5,0,$1420000 million,29,6.35,1,Forest Department
1,"Dawnshire, Sierra Leone",2020-08-27 23:58:50.922424,7.2,386,1,$2080000 million,16,20.64,0,EMSC
2,"Sandersfurt, Svalbard & Jan Mayen Islands",2022-11-08 11:41:58.048550,5.0,136,1,$3480000 million,46,19.22,0,NOAA
5,"Port Christineview, Paraguay",2022-11-07 23:46:06.471015,0.0,238,1,$2950000 million,49,22.5,0,Local Weather Service
3,"Jamieport, Kuwait",2023-10-27 06:45:31.184913,0.0,165,0,$3900000 million,54,17.33,0,National Disaster Agency
1,"Davisside, Cook Islands",2021-08-13 04:03:50.438746,4.5,190,1,$630000 million,47,11.43,0,USGS
3,"Juliefort, Guinea",2022-03-31 07:28:56.081715,0.0,398,1,$1780000 million,37,20.23,0,Meteorological Office
2,"East Maryfort, Djibouti",2020-05-10 07:33:10.956586,3.0,458,1,$1160000 million,53,18.9,0,NOAA
5,"New Glenda, Macao",2021-09-12 21:22:35.686090,0.0,122,1,$2880000 million,28,13.01,1,NWS
4,"North Monica, Central African Republic",2023-08-02 15:00:58.368343,0.0,377,0,$200000 million,44,9.91,1,National Fire Service
4,"North Michaelmouth, Malawi",2022-04-16 16:57:46.016284,0.0,122,0,$1590000 million,58,12.27,0,Forest Department
2,"West Heathermouth, Malta",2020-10-26 02:17:43.265631,5.0,46,1,$1270000 million,49,18.73,0,WMO
2,"East Arthurbury, Tanzania",2022-12-16 10:44:08.957402,3.0,467,0,$3680000 million,17,2.36,1,NOAA
4,"Cherylbury, Dominican Republic",2022-07-14 21:01:43.196152,0.0,80,1,$2370000 million,40,23.0,0,Meteorological Service
2,"Smithbury, Italy",2021-01-11 00:22:09.888460,5.0,82,1,$1420000 million,44,7.19,0,NOAA
5,"Lake Teresaport, Malta",2020-12-14 09:23:46.795371,0.0,354,1,$2450000 million,20,11.47,0,Storm Prediction Center
3,"Ramseyfort, Tanzania",2020-02-14 10:11:46.348622,0.0,55,0,$410000 million,12,19.51,0,Flood Control Department
5,"Normanside, New Zealand",2020-06-25 18:29:56.751017,0.0,70,0,$4480000 million,33,22.32,1,Storm Prediction Center
1,"Donnafort, Spain",2022-01-08 21:52:15.203152,6.3,399,0,$4660000 million,13,20.74,1,EMSC
5,"New Brenda, Russian Federation",2022-02-12 03:16:11.976469,0.0,63,0,$3900000 million,19,21.29,0,NWS
5,"North Anitastad, Hungary",2020-06-08 10:43:09.710416,0.0,397,0,$3990000 million,38,1.74,0,NWS
4,"New Stevenmouth, Morocco",2020-09-24 02:56:46.003482,0.0,278,1,$1290000 million,26,18.82,1,Meteorological Service
2,"Jordanville, Austria",2023-04-28 07:16:45.519359,1.0,461,0,$1880000 million,36,10.89,1,NHC
2,"Port Samuel, Maldives",2022-09-09 08:20:42.513595,1.0,184,0,$4400000 million,39,1.11,1,NHC
3,"Lake Brittanyton, South Africa",2022-02-14 15:14:55.102149,0.0,26,1,$4700000 million,37,20.01,0,National Disaster Agency
3,"East Jorge, Serbia",2021-10-10 09:34:53.930449,0.0,209,0,$2710000 million,46,3.78,1,Meteorological Office
3,"West Michaeltown, Guatemala",2022-12-13 06:55:03.841860,0.0,368,0,$2470000 million,18,9.35,1,National Disaster Agency
2,"Johnsonburgh, Lao People's Democratic Republic",2023-05-12 14:47:03.135869,1.0,472,0,$200000 million,53,23.35,0,JTWC
5,"Lake Teresafurt, American Samoa",2020-12-30 05:45:03.183992,0.0,293,1,$3290000 million,34,6.93,0,Local Weather Service
1,"Maldonadoport, Norway",2021-08-11 08:40:56.510294,7.3,394,0,$2110000 million,52,17.98,1,GFZ
3,"South Andrewshire, Djibouti",2021-02-05 18:15:26.573341,0.0,12,1,$3270000 million,50,9.56,1,Meteorological Office
5,"Port Tammy, Saint Martin",2022-04-07 15:13:07.927869,0.0,350,1,$2120000 million,26,13.02,0,Storm Prediction Center
1,"New Michael, Tokelau",2023-03-22 15:21:55.844152,6.1,354,1,$1290000 million,58,8.61,1,GFZ
5,"Solisburgh, Djibouti",2020-07-26 22:14:05.859752,0.0,197,1,$1410000 million,27,3.16,1,Local Weather Service
4,"West Jason, Sao Tome and Principe",2023-04-05 10:13:59.033267,0.0,498,1,$3960000 million,34,20.97,0,Meteorological Service
3,"Lake Kathleenburgh, Lithuania",2020-01-11 05:14:39.288730,0.0,326,1,$3890000 million,16,7.4,0,National Disaster Agency
5,"Ellisonfurt, Netherlands",2020-12-22 08:01:37.034727,0.0,140,0,$2280000 million,33,12.6,0,NWS
3,"Port Matthewmouth, Holy See (Vatican City State)",2020-12-19 17:56:56.455306,0.0,392,1,$1530000 million,59,23.26,1,Flood Control Department
5,"New Anthony, Samoa",2023-03-29 19:15:09.907456,0.0,305,1,$3850000 million,49,11.89,0,Local Weather Service
1,"New Jack, Mauritania",2021-07-24 18:13:39.473373,6.0,208,1,$4270000 million,38,13.8,0,JMA
3,"Port Kenneth, Suriname",2021-01-23 21:26:10.780694,0.0,416,0,$20000 million,21,2.62,1,Flood Control Department
1,"Carrollmouth, Costa Rica",2021-05-02 10:54:30.984830,5.5,367,0,$1910000 million,30,8.76,1,JMA
5,"Cherylfurt, Puerto Rico",2022-12-09 06:14:35.707198,0.0,270,1,$2090000 million,37,18.49,1,Local Weather Service
2,"Samuelmouth, Honduras",2023-05-18 08:29:46.210650,2.0,429,0,$4290000 million,44,20.57,0,WMO
5,"South Debraberg, Netherlands Antilles",2021-09-30 23:46:12.956301,0.0,330,1,$4790000 million,57,6.38,1,Local Weather Service
3,"Alexandraton, Saint Helena",2020-09-14 17:36:38.867624,0.0,177,1,$580000 million,23,7.06,1,Meteorological Office
4,"West Samanthaville, Netherlands Antilles",2020-12-04 22:30:26.254873,0.0,336,0,$400000 million,20,2.69,1,Meteorological Service
2,"Angelafort, Lao People's Democratic Republic",2020-09-28 17:43:58.399502,2.0,384,0,$1460000 million,22,10.8,1,NHC
5,"Gomezfort, Morocco",2023-04-19 19:29:26.838666,0.0,473,0,$960000 million,34,1.91,0,Local Weather Service
5,"East Robertmouth, Syrian Arab Republic",2021-03-16 23:49:07.972503,0.0,331,1,$4690000 million,23,11.93,0,Storm Prediction Center
4,"Contrerasview, Jersey",2022-12-14 10:37:38.542331,0.0,356,0,$840000 million,36,5.93,1,Forest Department
5,"South Mitchell, Argentina",2020-06-25 07:46:39.794620,0.0,220,1,$4390000 million,10,22.79,1,NWS
2,"South Christopher, Northern Mariana Islands",2022-12-22 15:45:50.961914,1.0,242,1,$2850000 million,58,11.59,0,NOAA
5,"Kathrynborough, Algeria",2021-11-16 17:46:45.023163,0.0,346,1,$1060000 million,24,17.36,0,NWS
4,"Karatown, Niger",2023-05-17 17:39:39.676454,0.0,379,0,$3590000 million,53,3.48,0,Forest Department
4,"Martinhaven, Ukraine",2023-11-23 04:37:29.027629,0.0,383,0,$3100000 million,28,22.2,0,Meteorological Service
4,"Port Edwardborough, Kazakhstan",2021-01-21 16:28:51.715390,0.0,399,0,$2910000 million,22,16.93,1,Forest Department
1,"Tammyfort, South Georgia and the South Sandwich Islands",2022-09-19 12:49:35.813339,7.2,290,0,$3030000 million,35,14.51,0,USGS
3,"Fullerport, Botswana",2020-05-05 18:49:03.519693,0.0,426,1,$3900000 million,48,19.26,0,National Disaster Agency
4,"Gentryview, Paraguay",2022-03-19 16:13:29.110940,0.0,298,1,$3280000 million,56,8.49,0,Forest Department
4,"Pamelaport, Croatia",2022-06-06 21:05:53.861352,0.0,469,1,$270000 million,38,12.71,1,Forest Department
2,"Jimmybury, Montenegro",2023-11-22 14:57:01.689488,2.0,114,1,$410000 million,40,12.07,1,JTWC
4,"Lake Sarah, Palau",2021-10-11 13:58:01.278160,0.0,362,1,$3460000 million,27,6.62,1,National Fire Service
3,"Whiteberg, Netherlands",2021-08-11 16:27:30.093738,0.0,298,0,$4790000 million,60,19.03,1,Meteorological Office
3,"West Patriciaport, South Georgia and the South Sandwich Islands",2022-08-12 05:36:29.619322,0.0,371,0,$3050000 million,18,8.41,0,Meteorological Office
3,"Port Lindsey, Equatorial Guinea",2020-06-10 00:21:18.640534,0.0,343,1,$3800000 million,19,5.13,0,National Disaster Agency
2,"West Barbarachester, Ukraine",2021-06-16 21:33:22.745213,1.0,396,0,$2680000 million,57,8.85,0,JTWC
3,"Lake Ashley, French Polynesia",2022-07-03 00:25:53.347514,0.0,370,1,$720000 million,15,9.72,0,Meteorological Office
4,"Tammyshire, Madagascar",2022-02-12 16:56:01.345870,0.0,370,1,$3500000 million,12,4.92,1,Forest Department
2,"Christensenmouth, Falkland Islands (Malvinas)",2021-04-09 14:39:01.492868,2.0,35,1,$4690000 million,48,2.1,1,JTWC
4,"Port Jacqueline, Solomon Islands",2023-09-18 08:28:50.543589,0.0,294,1,$3600000 million,18,23.98,0,Meteorological Service
3,"New Teresaside, Ukraine",2023-08-22 16:40:13.896874,0.0,265,0,$4170000 million,14,2.45,1,Meteorological Office
2,"North Jill, Jamaica",2023-09-29 13:17:25.975662,4.0,189,0,$4010000 million,60,1.05,1,NHC
1,"Cassandrafort, Switzerland",2020-11-14 20:59:24.574822,5.3,130,1,$1670000 million,49,13.76,1,JMA
3,"North Taylor, Brunei Darussalam",2022-11-11 16:06:14.054196,0.0,165,1,$3350000 million,40,4.58,1,Meteorological Office
2,"Lake Amanda, Monaco",2022-12-30 14:52:39.382002,1.0,380,0,$3720000 million,24,17.07,0,JTWC
2,"East Suebury, Tuvalu",2022-10-31 10:08:54.700934,4.0,214,0,$540000 million,43,14.9,0,WMO
5,"Chelseaberg, Moldova",2023-04-14 13:01:24.051908,0.0,344,0,$590000 million,32,2.02,1,NWS
1,"Jeffreyburgh, Western Sahara",2023-07-05 10:26:35.764640,5.0,256,0,$2420000 million,57,17.39,0,JMA
5,"Gonzalezhaven, Brunei Darussalam",2022-08-07 07:33:32.850447,0.0,141,0,$4290000 million,49,20.83,1,NWS
5,"Sharpburgh, Angola",2020-12-23 06:11:04.729660,0.0,236,1,$3790000 million,10,22.93,0,NWS
4,"North Lucasview, Angola",2020-12-12 13:40:01.822428,0.0,269,1,$1490000 million,58,10.58,1,Forest Department
3,"North Bradleyfurt, Finland",2022-06-04 23:10:38.856509,0.0,79,1,$4910000 million,31,1.67,1,Flood Control Department
4,"New Edwardbury, Australia",2023-04-19 15:07:49.987889,0.0,443,0,$3860000 million,21,3.66,1,Forest Department
3,"Lake Robert, Albania",2022-07-15 04:23:36.082987,0.0,291,0,$1380000 million,45,9.56,1,Meteorological Office
1,"East Anthony, Greece",2022-05-04 03:08:17.503493,4.5,110,1,$540000 million,30,20.64,1,EMSC
3,"West Lance, British Virgin Islands",2020-02-25 23:35:51.289168,0.0,94,0,$2070000 million,36,18.87,0,Meteorological Office
3,"Williamview, Dominica",2023-02-05 07:20:44.927300,0.0,27,1,$1190000 million,10,23.39,1,National Disaster Agency
1,"Bryantshire, India",2022-02-28 23:09:50.847278,4.1,40,1,$3520000 million,38,21.31,0,GFZ
3,"Tylertown, Micronesia",2023-05-14 06:40:56.646146,0.0,322,0,$1810000 million,54,4.0,0,Flood Control Department
2,"Troyhaven, Cyprus",2020-01-13 05:33:38.236076,5.0,332,1,$1840000 million,24,20.06,1,NOAA
1,"Waynefort, Djibouti",2021-03-06 02:30:22.321541,7.2,335,1,$1030000 million,55,19.55,1,JMA
4,"Port Kellyview, Malaysia",2022-06-11 18:07:09.026291,0.0,334,1,$3550000 million,42,23.38,0,Forest Department
3,"East Tyler, Lithuania",2022-10-16 22:24:41.676673,0.0,129,1,$470000 million,12,16.51,0,Meteorological Office
1,"Christophershire, Saint Lucia",2020-12-07 20:49:32.510036,4.3,327,0,$4600000 million,34,12.84,0,GFZ
2,"Woodfort, Mayotte",2022-06-08 02:30:04.900077,4.0,460,1,$800000 million,46,18.76,0,WMO
1,"East Kimberly, American Samoa",2020-09-05 10:28:11.793015,5.4,128,0,$1380000 million,27,19.64,0,USGS
1,"Onealberg, Saint Vincent and the Grenadines",2022-07-19 21:41:04.749409,5.3,82,1,$4690000 million,20,6.78,1,JMA
5,"Mcdowellland, Benin",2023-08-01 21:51:08.201835,0.0,253,0,$240000 million,26,6.59,0,NWS
1,"Port Emma, Sao Tome and Principe",2021-06-02 13:40:49.631222,6.0,52,0,$3620000 million,28,4.74,1,JMA
5,"New Julieshire, Wallis and Futuna",2023-01-30 00:39:11.889493,0.0,93,0,$3030000 million,43,16.92,1,NWS
1,"Lake Connorshire, Afghanistan",2022-07-12 16:37:53.251981,4.9,120,0,$2750000 million,24,8.89,1,EMSC
5,"Port Carrie, Norway",2020-09-02 17:34:27.729656,0.0,119,1,$3190000 million,56,6.85,0,Storm Prediction Center
4,"Paulaside, Lebanon",2022-12-13 01:26:35.428371,0.0,293,1,$1070000 million,14,8.25,0,Forest Department
2,"Woodsside, French Polynesia",2020-09-19 03:22:35.957222,5.0,95,1,$4870000 million,25,7.03,1,JTWC
2,"West Craigchester, Canada",2020-01-16 07:38:07.112092,2.0,400,1,$3010000 million,11,21.07,0,NOAA
5,"Emmahaven, Tokelau",2020-05-04 03:24:16.351383,0.0,408,0,$4190000 million,55,20.11,1,NWS
2,"Hoganview, Papua New Guinea",2021-02-18 02:13:31.329096,1.0,217,1,$310000 million,53,11.47,0,NHC
4,"Warrenshire, Antigua and Barbuda",2023-03-23 05:47:35.333418,0.0,413,0,$1560000 million,52,3.4,0,National Fire Service
3,"Lake Rick, Botswana",2021-11-27 03:42:05.771904,0.0,32,0,$460000 million,24,20.07,1,National Disaster Agency
5,"North Robert, United States Virgin Islands",2022-10-29 17:25:15.062546,0.0,454,1,$300000 million,17,13.68,1,Storm Prediction Center
1,"Lake Michael, Puerto Rico",2021-01-01 11:59:33.064375,7.8,101,0,$3670000 million,16,10.78,0,USGS
5,"North Christopher, Nicaragua",2023-03-10 07:10:24.425469,0.0,389,1,$4930000 million,29,11.39,1,Storm Prediction Center
1,"Haleside, Cyprus",2021-04-25 01:27:26.549848,4.3,240,1,$4840000 million,22,6.64,0,USGS
2,"New Justinview, Paraguay",2021-08-22 00:53:58.868746,4.0,374,1,$450000 million,55,3.43,0,WMO
3,"Karenbury, South Africa",2022-11-23 05:44:01.779501,0.0,253,0,$380000 million,51,14.17,1,National Disaster Agency
1,"Port Taylor, Heard Island and McDonald Islands",2023-10-24 05:00:48.441363,7.6,285,1,$3950000 million,36,12.54,0,GFZ
3,"North Melissamouth, Cape Verde",2023-03-31 17:36:33.044273,0.0,23,0,$4270000 million,46,18.97,1,Flood Control Department
5,"Davidport, Chad",2021-07-18 07:52:39.475752,0.0,155,1,$850000 million,28,9.28,0,Local Weather Service
4,"New Kevin, Djibouti",2021-11-27 23:47:13.844423,0.0,227,1,$1390000 million,40,11.23,0,Forest Department
2,"South Kimberly, Niue",2021-10-14 23:59:03.743836,2.0,194,0,$4360000 million,42,5.29,1,WMO
3,"Lisaport, Palestinian Territory",2020-09-06 05:34:03.322705,0.0,256,1,$2960000 million,55,9.86,0,National Disaster Agency
2,"South Dakotaside, Hungary",2021-12-26 07:09:35.355315,2.0,49,1,$2300000 million,47,8.12,0,WMO
5,"New Glenn, Suriname",2020-06-01 00:59:17.823458,0.0,209,1,$2360000 million,34,4.46,0,NWS
4,"Lake Kayla, Sweden",2023-05-27 06:15:18.266483,0.0,198,0,$460000 million,13,12.46,1,Meteorological Service
5,"Wilsonville, Falkland Islands (Malvinas)",2020-11-30 03:01:24.865895,0.0,396,1,$4260000 million,17,12.54,1,Local Weather Service
1,"Tarahaven, American Samoa",2023-09-08 12:47:05.923849,4.8,281,1,$3840000 million,19,12.47,0,JMA
2,"Martinezview, Anguilla",2022-09-28 17:59:51.056517,4.0,21,1,$280000 million,15,19.46,1,WMO
2,"Jessicatown, Lesotho",2022-09-17 01:55:55.308534,4.0,127,1,$3750000 million,45,22.71,0,NHC
5,"New Lindastad, Estonia",2020-06-24 00:07:56.059696,0.0,99,1,$1970000 million,48,4.85,1,NWS
1,"Williamschester, Bahrain",2020-05-26 03:24:21.478341,4.5,330,0,$2550000 million,11,12.64,0,EMSC
2,"Joannaton, Namibia",2022-09-07 13:14:13.986512,5.0,1,0,$2380000 million,13,17.66,0,JTWC
4,"Kariton, Fiji",2022-09-22 20:04:51.652213,0.0,342,1,$4500000 million,50,6.89,0,National Fire Service
5,"Port Tamaramouth, United States Virgin Islands",2021-12-31 04:00:11.609317,0.0,466,1,$3290000 million,15,10.14,0,Storm Prediction Center
3,"East Catherineshire, Saint Barthelemy",2022-10-03 08:20:04.175841,0.0,476,1,$1090000 million,33,18.4,1,Meteorological Office
1,"South Mark, Turks and Caicos Islands",2020-08-31 10:16:41.950058,5.4,97,0,$370000 million,20,22.05,0,JMA
1,"Sarahfurt, Syrian Arab Republic",2022-05-20 17:51:26.339845,4.5,12,0,$1200000 million,21,23.03,1,EMSC
3,"Jeremyville, Guinea-Bissau",2021-11-10 16:44:23.130027,0.0,279,0,$1350000 million,54,6.42,1,Meteorological Office
5,"Alexandertown, British Virgin Islands",2021-06-20 10:32:29.305089,0.0,372,1,$2480000 million,46,5.76,0,NWS
1,"Murphyview, Zambia",2023-06-28 17:25:11.215062,6.3,32,1,$990000 million,50,17.21,1,JMA
3,"East Meghanhaven, Central African Republic",2022-01-06 20:52:28.594489,0.0,364,0,$1210000 million,48,12.71,1,Meteorological Office
1,"Lake Michaelland, Montenegro",2023-01-05 08:00:34.679690,7.7,385,0,$3340000 million,15,7.64,1,JMA
4,"East Nicoleshire, Marshall Islands",2023-01-14 01:36:09.432983,0.0,351,1,$4450000 million,33,3.48,1,Forest Department
2,"Kramerfurt, Dominican Republic",2023-11-17 11:36:53.013448,1.0,266,1,$3820000 million,28,20.56,0,NOAA
1,"Brandonborough, Samoa",2020-11-30 19:40:11.223788,4.4,237,1,$4510000 million,21,8.15,0,EMSC
5,"Gomezstad, Lebanon",2021-09-07 01:12:55.716537,0.0,500,0,$1620000 million,33,5.11,1,Storm Prediction Center
3,"New Davidton, Gibraltar",2023-04-19 10:33:08.634364,0.0,201,1,$2880000 million,59,7.0,1,National Disaster Agency
1,"Humphreyfurt, Northern Mariana Islands",2020-03-06 16:36:57.448862,4.1,391,1,$3930000 million,36,16.39,0,EMSC
5,"South Nicholaschester, Holy See (Vatican City State)",2021-04-21 20:17:40.797006,0.0,361,0,$1260000 million,30,12.51,0,NWS
5,"Samuelside, Russian Federation",2023-08-16 20:03:21.336141,0.0,314,0,$3240000 million,25,8.75,0,NWS
5,"North Sean, Mauritius",2021-08-31 02:14:38.430612,0.0,269,0,$3610000 million,26,20.12,1,NWS
4,"East Kimberly, Fiji",2022-06-08 18:07:41.608549,0.0,295,0,$530000 million,27,17.48,0,Forest Department
2,"Gonzalesberg, Montserrat",2020-11-15 13:13:49.693550,3.0,480,1,$1480000 million,58,14.25,1,NOAA
5,"Elizabethview, South Georgia and the South Sandwich Islands",2020-06-07 16:06:47.450508,0.0,458,0,$600000 million,42,13.53,1,Local Weather Service
2,"Andrewsbury, Korea",2021-09-19 21:21:04.867084,3.0,148,1,$4860000 million,11,17.38,1,NHC
3,"Hannahtown, Liberia",2023-03-31 03:36:42.550224,0.0,185,0,$2080000 million,17,4.37,0,Flood Control Department
5,"Thomasside, Luxembourg",2022-06-30 18:34:48.911262,0.0,156,0,$1920000 million,31,22.2,0,Local Weather Service
4,"North Samuelton, Panama",2023-02-02 11:31:47.251129,0.0,24,1,$3440000 million,27,4.9,0,Forest Department
1,"West Keith, Estonia",2020-02-07 14:01:06.185302,4.5,328,0,$4870000 million,45,7.49,0,EMSC
3,"Adamsshire, Montserrat",2021-11-02 11:59:15.901689,0.0,397,1,$3150000 million,31,17.87,0,National Disaster Agency
1,"West Charleschester, Grenada",2022-07-09 22:47:00.413480,5.4,262,0,$2280000 million,25,11.14,0,JMA
5,"New Shannonstad, Kenya",2020-03-16 08:02:32.306063,0.0,146,0,$510000 million,55,4.12,1,NWS
5,"Grimesberg, Slovakia (Slovak Republic)",2021-05-06 01:00:16.801028,0.0,53,0,$3550000 million,12,9.54,1,Local Weather Service
1,"West Michelleland, Dominica",2021-05-31 08:38:52.576108,6.2,294,1,$1940000 million,13,20.48,0,EMSC
5,"Gonzalezberg, Haiti",2020-07-13 02:46:57.080120,0.0,370,1,$2590000 million,27,9.51,1,Storm Prediction Center
4,"North Shelleyland, Tanzania",2021-01-12 09:55:47.715839,0.0,236,1,$900000 million,38,20.23,0,Meteorological Service
5,"Boothchester, San Marino",2023-08-19 16:36:10.596034,0.0,94,0,$3140000 million,37,22.47,0,NWS
3,"Karenstad, Korea",2021-05-15 13:33:17.845266,0.0,154,1,$4290000 million,49,10.24,1,Meteorological Office
2,"Millerberg, Haiti",2021-08-19 13:05:51.056206,2.0,46,1,$2160000 million,41,12.5,1,NHC
4,"West Kristine, Christmas Island",2020-08-09 00:14:03.778695,0.0,191,1,$3600000 million,46,11.36,1,Forest Department
1,"Charleston, Poland",2021-11-13 14:11:59.788616,7.5,382,0,$160000 million,48,21.36,1,USGS
3,"Smithstad, Netherlands Antilles",2020-06-14 07:04:52.441468,0.0,336,0,$4540000 million,36,18.35,0,Flood Control Department
5,"Jamesview, Faroe Islands",2020-10-12 01:32:13.102034,0.0,83,1,$1700000 million,55,2.7,0,NWS
4,"Bishopstad, Russian Federation",2023-08-22 13:40:33.448798,0.0,249,1,$1300000 million,42,20.45,1,National Fire Service
4,"Port Nancy, Azerbaijan",2023-03-25 16:35:51.345321,0.0,225,1,$5000000 million,40,8.66,0,National Fire Service
4,"South Michael, Reunion",2020-01-29 06:24:58.276760,0.0,351,1,$1450000 million,20,16.23,0,Meteorological Service
3,"East Abigailborough, Ghana",2020-07-14 22:26:34.689863,0.0,415,1,$4610000 million,37,2.44,0,National Disaster Agency
4,"Lake Ronaldchester, Cameroon",2021-12-10 05:11:31.697597,0.0,452,1,$4620000 million,29,20.23,0,Forest Department
1,"Howellborough, Papua New Guinea",2022-06-26 15:23:15.614820,6.0,89,0,$3450000 million,41,18.55,0,GFZ
4,"Zacharyland, Tajikistan",2022-09-01 07:17:10.186779,0.0,353,1,$4040000 million,11,15.13,0,Meteorological Service
5,"Lake Douglas, Ecuador",2021-11-24 05:05:53.935196,0.0,181,1,$4680000 million,12,22.23,1,Storm Prediction Center
1,"South Amy, Hong Kong",2023-04-02 14:01:10.359449,4.3,342,0,$20000 million,56,1.13,0,EMSC
1,"North Justin, Cook Islands",2021-01-17 17:24:54.170549,7.9,429,0,$2500000 million,26,18.41,1,EMSC
3,"Lake Caitlin, Ukraine",2021-08-09 19:57:36.889344,0.0,281,1,$1670000 million,28,13.13,0,Flood Control Department
2,"Russelltown, Martinique",2022-12-17 04:48:50.635896,2.0,252,1,$2890000 million,55,9.33,1,JTWC
2,"North Williamfurt, Zambia",2022-12-18 21:29:59.711751,3.0,337,0,$20000 million,28,8.74,0,WMO
3,"Vargasburgh, New Zealand",2023-01-25 13:37:12.708647,0.0,481,1,$4490000 million,26,23.13,1,Flood Control Department
3,"Lake Tony, Sierra Leone",2023-04-24 22:07:14.355150,0.0,216,0,$2340000 million,54,23.36,0,Meteorological Office
5,"Allenborough, Suriname",2022-01-22 00:06:40.414585,0.0,14,1,$600000 million,39,20.45,1,NWS
2,"North Robin, Latvia",2021-05-31 01:23:53.732199,4.0,475,0,$640000 million,51,1.28,1,WMO
1,"Donaldtown, Denmark",2020-06-25 07:38:16.844755,4.2,251,0,$3400000 million,60,18.45,1,EMSC
5,"South Douglas, New Caledonia",2020-05-26 21:19:01.319856,0.0,432,1,$190000 million,24,13.25,0,Local Weather Service
2,"South Dennishaven, Brunei Darussalam",2020-08-10 15:47:10.526938,2.0,25,0,$620000 million,54,19.06,1,NHC
5,"Faithmouth, Ireland",2023-09-06 13:26:42.585855,0.0,43,1,$3460000 million,50,6.31,1,NWS
3,"Hallville, Afghanistan",2023-01-27 23:27:50.354222,0.0,403,1,$2400000 million,57,3.6,0,National Disaster Agency
1,"New Nancyfurt, Ethiopia",2022-07-24 08:28:16.092878,6.3,99,1,$2240000 million,18,18.68,0,JMA
1,"New Steventown, Isle of Man",2021-02-08 00:15:18.579957,4.4,64,1,$890000 million,48,16.63,1,GFZ
3,"Erictown, Mayotte",2020-02-01 00:13:54.260919,0.0,385,1,$4460000 million,16,20.11,0,Flood Control Department
3,"Vanceland, Belize",2023-09-23 00:39:50.957641,0.0,376,0,$3000000 million,60,3.2,0,Meteorological Office
2,"Isaacburgh, Cayman Islands",2022-04-13 20:13:12.162189,3.0,271,0,$1420000 million,50,21.81,0,NOAA
3,"West Christopherberg, Burundi",2020-10-18 13:11:27.908522,0.0,181,0,$4910000 million,12,16.7,1,Meteorological Office
3,"Johnside, Cyprus",2022-11-24 15:01:52.542943,0.0,250,1,$4010000 million,11,11.03,0,National Disaster Agency
1,"Katelyntown, Trinidad and Tobago",2023-03-31 01:46:45.251365,6.2,122,1,$4310000 million,20,13.82,1,JMA
1,"Morrishaven, Aruba",2021-05-06 16:42:36.095019,4.6,322,1,$3120000 million,47,19.59,1,USGS
2,"Claytonfort, Azerbaijan",2020-02-02 07:07:02.695514,3.0,328,1,$2240000 million,42,19.43,1,NOAA
3,"South Julietown, Bosnia and Herzegovina",2023-06-05 00:34:46.848146,0.0,55,1,$4270000 million,18,10.07,1,National Disaster Agency
4,"Sarahmouth, Qatar",2023-01-30 20:38:47.732418,0.0,468,0,$2600000 million,40,15.96,1,Forest Department
4,"West Michael, Cambodia",2020-11-30 09:03:31.543764,0.0,447,0,$330000 million,48,10.69,0,Meteorological Service
1,"Justinbury, Liechtenstein",2023-08-22 05:46:31.537990,4.5,249,0,$4820000 million,11,18.42,1,GFZ
5,"Melissabury, Dominican Republic",2022-04-07 05:41:38.926651,0.0,166,1,$3960000 million,59,12.57,1,Local Weather Service
5,"Ronnieburgh, Gambia",2021-07-26 01:12:06.707955,0.0,474,1,$3380000 million,27,9.82,1,Local Weather Service
2,"Brownport, India",2021-12-19 08:40:11.431379,1.0,403,0,$2960000 million,57,14.49,1,NOAA
1,"Port Kristinfort, Guadeloupe",2020-08-07 13:14:52.502485,5.3,246,0,$1500000 million,55,19.35,0,JMA
3,"Sarabury, Gambia",2023-11-08 14:20:51.936776,0.0,201,0,$3300000 million,27,2.76,0,National Disaster Agency
4,"Austinhaven, Mozambique",2020-03-13 05:06:15.294435,0.0,68,0,$2520000 million,51,22.24,1,Forest Department
1,"Kyleport, Saint Vincent and the Grenadines",2021-12-15 07:11:03.693177,4.9,313,1,$870000 million,50,2.52,0,JMA
3,"Richardsonhaven, Yemen",2022-08-24 15:28:04.559432,0.0,41,0,$230000 million,38,3.13,0,National Disaster Agency
2,"East Jeremy, Christmas Island",2022-06-18 17:16:28.660087,3.0,380,0,$4760000 million,21,13.25,0,JTWC
5,"Snowchester, Senegal",2022-05-31 23:44:32.099997,0.0,47,0,$1510000 million,29,17.77,1,Local Weather Service
3,"Thompsonmouth, Denmark",2020-01-22 16:38:32.728161,0.0,357,1,$840000 million,56,15.88,1,Flood Control Department
1,"Lake Vincentfurt, Guadeloupe",2020-04-30 00:04:28.949208,7.2,217,0,$3650000 million,57,18.68,1,EMSC
5,"Thomasfort, Lebanon",2021-12-07 09:31:26.762448,0.0,198,0,$3630000 million,41,1.63,1,NWS
1,"Lake Jacquelineville, Nicaragua",2021-06-06 09:57:10.465377,7.2,28,1,$650000 million,55,14.82,1,USGS
1,"West Maryport, Andorra",2022-03-11 12:22:27.328802,5.9,415,1,$4200000 million,16,7.15,0,JMA
3,"Davisside, Israel",2023-09-01 16:23:37.920666,0.0,36,0,$3870000 million,45,19.08,1,Flood Control Department
2,"Smithstad, Vietnam",2020-05-17 07:00:51.176754,5.0,184,0,$880000 million,12,10.97,1,JTWC
3,"Marshallland, Palestinian Territory",2020-04-04 23:53:59.172772,0.0,86,1,$2310000 million,27,3.3,0,National Disaster Agency
3,"Angelashire, Samoa",2021-08-13 05:03:30.472054,0.0,328,0,$4800000 million,25,6.96,0,National Disaster Agency
5,"Thomasside, Comoros",2022-02-16 16:17:40.163831,0.0,357,1,$2170000 million,39,7.26,1,Storm Prediction Center
5,"Port Lauraburgh, Uganda",2022-10-23 02:43:06.316062,0.0,55,1,$960000 million,33,4.87,1,Local Weather Service
2,"North Christinashire, Japan",2022-09-04 21:50:30.617172,4.0,311,1,$730000 million,29,17.59,0,WMO
5,"Graychester, Netherlands Antilles",2021-05-14 04:40:28.727899,0.0,448,1,$720000 million,39,12.05,1,NWS
1,"Robertville, Bhutan",2020-01-05 11:06:00.323197,4.5,70,0,$540000 million,30,18.82,0,JMA
3,"Port Michael, Russian Federation",2023-08-15 14:52:13.633806,0.0,54,0,$3980000 million,30,17.01,0,National Disaster Agency
5,"Powellborough, Trinidad and Tobago",2020-04-24 08:31:16.689086,0.0,84,1,$1620000 million,29,19.17,1,Storm Prediction Center
4,"New Christopherport, New Zealand",2020-12-09 19:40:08.756202,0.0,127,0,$500000 million,59,13.57,0,Meteorological Service
4,"West Michael, Sao Tome and Principe",2020-10-05 10:17:52.916929,0.0,321,1,$4390000 million,52,9.68,0,National Fire Service
5,"Lake Davidhaven, Bangladesh",2020-01-07 07:46:34.345991,0.0,132,1,$4870000 million,57,20.55,1,Local Weather Service
3,"North Kristen, Philippines",2021-12-19 08:33:06.447013,0.0,404,0,$1870000 million,28,1.39,1,National Disaster Agency
2,"North Carolynbury, Jamaica",2020-03-17 14:16:33.266521,3.0,220,1,$880000 million,35,20.19,0,NOAA
3,"Thomasside, Martinique",2020-05-13 08:52:21.993327,0.0,485,1,$880000 million,56,3.93,0,National Disaster Agency
4,"Williamsville, Tuvalu",2020-03-01 16:21:29.127050,0.0,476,1,$2810000 million,30,18.37,0,National Fire Service
1,"West Sean, Kiribati",2020-02-11 21:28:34.254020,6.5,328,0,$2540000 million,27,13.68,1,EMSC
2,"Port Nicole, Palestinian Territory",2021-06-04 09:50:44.509605,2.0,263,1,$3360000 million,36,13.77,1,WMO
3,"Manuelport, Argentina",2020-12-21 09:41:51.845617,0.0,418,1,$1530000 million,57,4.23,0,Flood Control Department
2,"Lake Travis, Eritrea",2022-09-28 09:11:07.509337,1.0,345,1,$4600000 million,50,8.77,1,NOAA
2,"Fullerland, Russian Federation",2022-10-10 00:07:15.560456,1.0,277,1,$700000 million,39,11.91,1,WMO
3,"Leeport, Zimbabwe",2020-11-02 22:20:20.623896,0.0,240,1,$1050000 million,60,2.06,0,Meteorological Office
3,"South Kevin, Greenland",2020-08-24 02:32:36.731980,0.0,259,0,$2940000 million,36,23.66,1,National Disaster Agency
4,"Bonniemouth, Montserrat",2023-05-03 14:35:38.038532,0.0,310,1,$4970000 million,32,6.76,0,Forest Department
4,"South Davidfort, Honduras",2023-10-29 05:15:55.190442,0.0,293,0,$1510000 million,47,5.79,1,Meteorological Service
4,"West Daniel, Monaco",2023-01-09 08:50:38.697374,0.0,314,0,$4710000 million,32,12.96,0,Forest Department
2,"East Kim, Uganda",2023-09-24 22:12:14.343074,3.0,128,0,$2620000 million,40,21.52,0,WMO
5,"West Nancyton, Singapore",2022-08-25 20:33:33.713186,0.0,384,1,$3610000 million,12,8.33,1,Local Weather Service
1,"West Amandastad, Solomon Islands",2022-09-26 12:05:14.401292,6.5,94,1,$850000 million,51,3.36,1,JMA
5,"West Cherylfort, Cameroon",2022-01-27 10:49:42.850891,0.0,393,1,$940000 million,12,1.96,0,Local Weather Service
1,"South Jamie, Faroe Islands",2021-03-19 05:48:39.438464,6.1,270,1,$800000 million,30,4.92,1,JMA
4,"Port Kyleview, Cyprus",2021-07-25 18:08:36.470666,0.0,364,0,$1940000 million,21,2.9,1,Forest Department
1,"West Bryan, India",2020-03-30 20:33:30.494540,5.1,4,0,$1410000 million,11,6.34,1,EMSC
3,"Port Jorge, Nicaragua",2021-10-02 08:00:19.993373,0.0,313,0,$4350000 million,57,2.39,1,National Disaster Agency
5,"New Davidland, Canada",2022-11-07 20:50:42.444029,0.0,94,1,$3030000 million,30,2.9,0,NWS
1,"Millerburgh, Hong Kong",2022-09-17 18:07:07.683949,4.6,167,0,$4810000 million,42,7.17,1,JMA
2,"New William, Western Sahara",2023-01-31 23:00:27.609713,2.0,199,1,$3890000 million,46,18.51,0,JTWC
1,"Garnerville, Romania",2021-12-04 21:39:41.153127,6.2,367,1,$2340000 million,45,18.48,0,EMSC
3,"Phillipsfort, Venezuela",2020-04-04 20:00:16.803412,0.0,414,0,$3810000 million,19,8.33,1,Meteorological Office
2,"Lake Johnchester, Micronesia",2023-06-29 00:53:15.730614,2.0,186,0,$3640000 million,17,20.77,0,NHC
5,"Pammouth, Poland",2023-03-16 12:05:59.897190,0.0,298,0,$4840000 million,12,14.04,1,Storm Prediction Center
5,"South Laurafurt, Madagascar",2020-04-29 17:26:24.447392,0.0,455,1,$1740000 million,52,15.59,1,Storm Prediction Center
2,"West Jerrychester, Portugal",2021-11-13 01:35:03.758285,3.0,412,1,$3780000 million,31,23.73,1,NOAA
1,"Carrieborough, Comoros",2022-05-05 18:30:27.452414,7.4,423,0,$20000 million,40,21.18,0,USGS
5,"Lake Paulfurt, Micronesia",2022-12-30 04:49:18.706204,0.0,498,0,$4720000 million,13,7.58,1,Storm Prediction Center
4,"Mirandaside, United States Minor Outlying Islands",2020-03-05 17:32:45.982441,0.0,443,1,$2600000 million,31,19.17,0,Forest Department
2,"East Johntown, Hong Kong",2023-05-07 14:29:36.757949,1.0,235,1,$3850000 million,55,5.34,0,NOAA
1,"Sethshire, Djibouti",2021-12-12 20:47:33.838221,7.9,399,0,$2440000 million,51,19.68,1,JMA
1,"Ellenmouth, Ireland",2022-07-04 18:40:39.426487,5.6,66,1,$3710000 million,19,10.11,1,EMSC
4,"Pattersonbury, Lao People's Democratic Republic",2023-10-15 21:23:38.994776,0.0,261,1,$4550000 million,28,16.58,1,National Fire Service
4,"Frankmouth, Cyprus",2021-03-21 07:50:21.115857,0.0,68,0,$2360000 million,14,1.69,1,National Fire Service
4,"Jefferytown, Palestinian Territory",2023-02-13 16:09:51.703001,0.0,457,1,$600000 million,16,11.14,1,National Fire Service
4,"Ortizport, Bermuda",2021-04-12 16:09:45.379428,0.0,108,1,$680000 million,14,22.49,0,Meteorological Service
5,"Amandamouth, Korea",2020-05-25 15:21:52.839317,0.0,493,0,$2120000 million,36,11.57,0,Local Weather Service
4,"Knighthaven, Luxembourg",2023-06-07 14:41:35.555175,0.0,89,1,$3660000 million,42,16.24,0,Forest Department
3,"Cynthiamouth, Cyprus",2020-01-10 13:01:29.329628,0.0,335,0,$1580000 million,21,7.01,1,Meteorological Office
4,"South Leslie, Iraq",2021-02-06 05:00:26.760564,0.0,50,1,$4000000 million,25,13.63,0,National Fire Service
3,"Port Lisa, Ethiopia",2021-09-26 05:15:09.417617,0.0,310,1,$3970000 million,41,2.08,0,Flood Control Department
3,"North Geraldstad, Brazil",2023-01-13 09:35:42.285437,0.0,263,0,$3600000 million,32,13.24,0,Flood Control Department
3,"Lake Brandon, Liberia",2023-07-28 15:41:22.471433,0.0,46,0,$2530000 million,48,23.44,0,Meteorological Office
1,"Lake Haley, Svalbard & Jan Mayen Islands",2021-11-21 07:57:51.541306,5.1,260,0,$3520000 million,31,22.06,1,EMSC
2,"South Amber, French Polynesia",2023-10-04 22:09:54.698341,1.0,349,0,$1070000 million,58,16.83,0,NHC
2,"New Lisa, Barbados",2021-07-05 19:57:26.919775,4.0,369,0,$2650000 million,35,8.01,0,NOAA
4,"West Richard, North Macedonia",2020-09-24 17:32:33.559967,0.0,476,0,$4380000 million,56,5.21,0,Forest Department
3,"Kristinborough, United States of America",2021-06-30 21:16:40.080023,0.0,161,0,$160000 million,28,8.38,1,Meteorological Office
5,"Michelechester, Antigua and Barbuda",2021-04-20 21:20:49.583118,0.0,358,1,$2240000 million,26,7.83,0,NWS
3,"South Vincentville, Nauru",2022-08-31 23:16:55.587184,0.0,326,0,$3570000 million,18,20.69,0,Meteorological Office
3,"Farleyshire, Libyan Arab Jamahiriya",2022-02-07 21:10:16.095659,0.0,337,1,$5000000 million,59,12.11,0,Meteorological Office
5,"New Bradley, Cape Verde",2022-05-19 12:15:42.095126,0.0,240,0,$4710000 million,54,8.36,0,Storm Prediction Center
5,"Lesterview, Madagascar",2020-07-25 13:12:49.429424,0.0,391,0,$1610000 million,27,14.59,1,Storm Prediction Center
4,"Kristinestad, Uruguay",2021-08-27 01:56:14.312512,0.0,347,1,$3030000 million,18,23.13,1,Forest Department
4,"New Anthonychester, Swaziland",2020-10-11 04:39:40.316183,0.0,417,1,$3190000 million,55,11.09,0,National Fire Service
4,"Christopherview, Burkina Faso",2021-04-17 19:44:08.089023,0.0,346,0,$1420000 million,17,11.47,1,Forest Department
1,"Williammouth, Libyan Arab Jamahiriya",2021-12-18 00:20:05.637685,5.4,56,0,$3720000 million,56,4.88,0,EMSC
5,"Port Garrettshire, Togo",2023-01-23 20:16:15.965919,0.0,332,1,$2510000 million,16,18.27,1,Local Weather Service
2,"Blakeville, Belize",2022-08-06 10:46:32.222326,5.0,317,0,$1430000 million,15,3.34,1,JTWC
1,"Escobarburgh, Kuwait",2022-01-14 10:12:12.648517,7.2,312,0,$470000 million,14,11.33,1,GFZ
5,"South Maria, Sudan",2021-07-06 04:43:40.363247,0.0,198,0,$4920000 million,60,2.4,0,Storm Prediction Center
1,"North Mandy, Syrian Arab Republic",2020-09-22 09:29:14.989292,5.4,166,1,$4430000 million,15,23.95,0,EMSC
3,"Jenniferland, Cote d'Ivoire",2020-04-12 18:25:15.987517,0.0,247,0,$4440000 million,55,23.33,0,Flood Control Department
5,"West Ryanshire, Mauritius",2022-02-04 05:27:02.921278,0.0,160,1,$4170000 million,40,23.82,1,NWS
4,"North Latoyaland, Armenia",2022-09-09 19:57:07.345343,0.0,450,0,$2040000 million,37,22.78,1,Forest Department
1,"Port Rebeccafurt, Bosnia and Herzegovina",2020-07-23 01:17:26.254104,5.1,152,0,$550000 million,46,19.38,1,EMSC
5,"Francoberg, Bosnia and Herzegovina",2023-06-14 02:56:34.837987,0.0,80,0,$3680000 million,49,16.87,0,Storm Prediction Center
1,"Jacquelineland, Romania",2023-12-02 21:58:52.741278,4.0,66,1,$1620000 million,15,3.47,1,JMA
2,"West Shawnfort, Mayotte",2023-03-02 14:08:58.477213,3.0,303,1,$4940000 million,49,22.85,0,NOAA
5,"North Debbieland, Hungary",2020-09-19 02:48:15.666478,0.0,343,0,$1040000 million,31,19.66,0,Local Weather Service
5,"New Jeremy, Belgium",2021-10-18 10:52:08.520183,0.0,367,0,$2070000 million,13,13.25,1,Storm Prediction Center
5,"North Courtney, Afghanistan",2021-03-09 11:58:55.488966,0.0,56,1,$510000 million,29,14.68,1,Storm Prediction Center
2,"Heberthaven, Andorra",2020-09-15 16:20:21.041918,4.0,24,1,$830000 million,26,14.4,0,NOAA
1,"Port Josephbury, Argentina",2023-11-07 15:17:56.932879,5.6,66,1,$880000 million,46,7.52,0,EMSC
4,"Taylorbury, Grenada",2021-03-02 06:48:16.430527,0.0,287,1,$2840000 million,57,9.14,0,Meteorological Service
2,"Port Courtneytown, Latvia",2023-10-01 12:02:17.480121,1.0,51,1,$1730000 million,34,15.67,0,WMO
1,"Crystalmouth, Togo",2023-06-30 14:16:37.120355,6.1,236,1,$3330000 million,13,18.78,1,JMA
3,"Port Justin, Zimbabwe",2020-10-30 16:31:03.035943,0.0,147,0,$2260000 million,37,14.43,0,Flood Control Department
2,"Karenberg, Saint Barthelemy",2020-03-03 05:29:49.621409,5.0,8,1,$2080000 million,28,5.11,1,JTWC
2,"Brittneymouth, Barbados",2023-11-12 20:51:10.648195,4.0,197,0,$2540000 million,18,11.36,1,NOAA
3,"Pageland, Ethiopia",2023-02-08 21:46:37.842120,0.0,212,0,$380000 million,17,7.76,1,National Disaster Agency
1,"North Christopherview, Iraq",2021-08-01 12:14:58.639914,6.6,409,0,$3680000 million,18,21.33,0,GFZ
5,"Davidstad, Poland",2020-06-30 23:17:59.733191,0.0,241,0,$1590000 million,24,8.7,1,NWS
2,"Jonathanstad, United States Minor Outlying Islands",2021-08-20 09:40:40.215054,4.0,320,1,$940000 million,43,19.19,1,NOAA
1,"Leetown, Moldova",2023-01-13 01:57:48.666500,4.9,406,0,$3470000 million,49,1.35,0,GFZ
2,"Tammyburgh, Slovakia (Slovak Republic)",2023-06-28 02:56:53.690137,2.0,208,1,$4580000 million,20,22.02,0,JTWC
1,"Port Sandra, Korea",2021-07-18 15:00:15.625737,6.1,398,1,$4490000 million,25,9.4,0,EMSC
3,"North Daniel, Gambia",2021-02-06 11:42:36.692260,0.0,26,1,$1330000 million,28,14.65,1,Meteorological Office
3,"Meganton, Tonga",2023-02-18 10:53:59.343111,0.0,456,0,$3520000 million,10,13.62,0,Flood Control Department
1,"Pearsonview, Cyprus",2022-05-24 15:38:28.527224,5.6,284,1,$360000 million,44,12.92,0,EMSC
3,"East Jennifer, Greenland",2022-12-20 23:26:15.751536,0.0,308,0,$1500000 million,18,3.48,0,National Disaster Agency
1,"South Charles, Saint Barthelemy",2021-06-29 03:10:14.427364,6.5,105,0,$780000 million,35,13.37,0,EMSC
5,"Port Jessica, Liberia",2022-08-11 20:16:18.652156,0.0,175,0,$4600000 million,56,20.48,1,Storm Prediction Center
2,"Michaelland, Wallis and Futuna",2021-03-02 00:38:10.007863,3.0,287,0,$260000 million,40,11.03,0,NHC
2,"Lake Kelly, Malawi",2022-05-27 02:49:39.104599,5.0,144,1,$2870000 million,19,4.61,0,NHC
1,"Jasonhaven, Timor-Leste",2022-09-15 19:09:52.184566,4.5,395,0,$1800000 million,33,1.76,1,EMSC
3,"Buchanantown, Indonesia",2023-06-03 20:45:40.724448,0.0,189,1,$3010000 million,15,23.43,1,Meteorological Office
1,"Turnerside, Kazakhstan",2020-05-01 21:45:17.969631,5.6,257,1,$2700000 million,15,9.9,1,JMA
1,"Lake Ashley, Northern Mariana Islands",2020-06-23 15:59:34.143198,4.4,427,0,$3760000 million,33,19.79,1,USGS
5,"Lake Amanda, Paraguay",2021-11-18 22:43:53.341049,0.0,90,0,$2240000 million,16,23.71,1,Local Weather Service
